<?xml version="1.0" encoding="UTF-8"?> 
 <!DOCTYPE hibernate-configuration PUBLIC 
        "-//Hibernate/Hibernate Configuration DTD 3.0//EN" 
        "http://www.hibernate.org/dtd/hibernate-configuration-3.0.dtd"> 
 <hibernate-configuration>       
  <session-factory> 
    <!-- Database connection settings --> 
    <!-- Set the Driver Class --> 
    <property name="connection.driver_class">com.mysql.cj.jdbc.Driver</property> 
    <!-- Set URL --> 
    <property name="connection.url">jdbc:mysql://localhost:3306/taskmanagerspring</property> 
    <!-- Set the user name --> 
    <property name="connection.username">root</property> 
    <!-- Set the password -->  
    <property name="connection.password">GRusso</property> 
    <!-- Echo all executed SQL to stdout --> 
    <property name="show_sql">true</property> 
    <property name="hibernate.dialect">org.hibernate.dialect.MySQLDialect</property>
    <property name="hibernate.hbm2ddl.auto">update</property>
    
 
    <!-- Set the annotated classes -->         
    <mapping class="agenda.Tarefa" /> 
    <mapping class="agenda.Utilizador" /> 
      
  </session-factory> 
 </hibernate-configuration>